{"stats":{"minecraft:crafted":{"minecraft:furnace":1,"iceandfire:tide_blue_chestplate":1,"minecraft:iron_boots":1,"minecraft:iron_axe":1,"minecraft:stone_pickaxe":1,"iceandfire:tide_blue_boots":1,"minecraft:crafting_table":2,"minecraft:wooden_pickaxe":1,"minecraft:iron_sword":1,"iceandfire:tide_blue_leggings":1,"minecraft:stone_axe":1,"minecraft:air":0,"iceandfire:tide_blue_helmet":1,"minecraft:iron_chestplate":1,"minecraft:diamond_pickaxe":1,"minecraft:shield":1,"minecraft:stick":32,"minecraft:iron_ingot":28,"minecraft:iron_pickaxe":1,"minecraft:wooden_axe":1,"minecraft:iron_leggings":1,"minecraft:acacia_planks":36,"minecraft:torch":80},"minecraft:used":{"minecraft:shield":29,"minecraft:iron_sword":305,"minecraft:torch":234,"minecraft:dirt":7,"minecraft:tuff":7,"minecraft:wooden_axe":35,"minecraft:iron_axe":66,"minecraft:furnace":1,"tombstone:gift":7,"minecraft:cobbled_deepslate":34,"minecraft:water_bucket":2,"minecraft:stone_pickaxe":52,"minecraft:wooden_pickaxe":10,"iceandfire:dragon_skull_lightning":1,"minecraft:mossy_cobblestone":2,"minecraft:crafting_table":13,"minecraft:blast_furnace":2,"minecraft:diamond_pickaxe":261,"minecraft:iron_pickaxe":81,"minecraft:stone_axe":4,"minecraft:cobblestone":52,"minecraft:potion":1,"travelersbackpack:standard":2,"minecraft:cooked_porkchop":29,"minecraft:smithing_table":1,"minecraft:bucket":6},"minecraft:dropped":{"minecraft:glass_bottle":1,"minecraft:cobblestone":3,"minecraft:cobblestone_stairs":1,"tombstone:grave_key":1,"iceandfire:silver_sword":1,"minecraft:mutton":2,"minecraft:iron_leggings":1,"minecraft:wooden_sword":1,"minecraft:chainmail_leggings":1,"iceandfire:armor_silver_metal_helmet":1,"minecraft:acacia_planks":10,"minecraft:bone":1,"alexsmobs:acacia_blossom":1,"minecraft:golden_chestplate":1,"minecraft:cobbled_deepslate":19,"minecraft:tuff":16,"minecraft:wheat":2,"minecraft:rotten_flesh":2,"minecraft:iron_boots":1,"minecraft:gunpowder":1,"minecraft:iron_chestplate":1,"minecraft:acacia_sapling":14,"minecraft:leather_leggings":1,"minecraft:spider_eye":2,"minecraft:iron_bars":2,"minecraft:arrow":10,"minecraft:stone_brick_stairs":1},"minecraft:mined":{"minecraft:tuff":23,"iceandfire:silver_ore":2,"arclight:deepslate_arclight_ore":4,"minecraft:mossy_cobblestone":3,"minecraft:deepslate_diamond_ore":10,"minecraft:mossy_stone_brick_slab":1,"arclight:deepslate_cryorium_ore":28,"minecraft:spruce_trapdoor":2,"minecraft:granite":7,"minecraft:acacia_log":28,"minecraft:grass_block":1,"minecraft:spawner":12,"minecraft:furnace":1,"minecraft:iron_ore":5,"minecraft:deepslate_lapis_ore":1,"minecraft:anvil":1,"minecraft:vine":1,"minecraft:deepslate_iron_ore":29,"minecraft:iron_bars":8,"minecraft:stripped_acacia_log":1,"minecraft:stone":84,"minecraft:white_tulip":1,"minecraft:smoker":1,"minecraft:stone_brick_slab":1,"minecraft:crafting_table":12,"minecraft:blast_furnace":4,"minecraft:tall_grass":7,"minecraft:copper_ore":1,"minecraft:cobblestone":3,"minecraft:deepslate_gold_ore":21,"minecraft:yellow_bed":1,"minecraft:grass":8,"minecraft:coal_ore":14,"minecraft:dirt":7,"minecraft:stone_bricks":3,"minecraft:netherrack":1,"arclight:deepslate_bloodstone_ore":10,"minecraft:oak_leaves":1,"minecraft:deepslate":116},"minecraft:custom":{"minecraft:interact_with_smithing_table":3,"minecraft:mob_kills":64,"minecraft:interact_with_crafting_table":19,"minecraft:open_barrel":8,"minecraft:leave_game":2,"minecraft:time_since_death":4104,"minecraft:climb_one_cm":1537,"minecraft:sprint_one_cm":307341,"minecraft:walk_one_cm":166461,"minecraft:damage_blocked_by_shield":1353,"minecraft:drop":28,"minecraft:play_time":130790,"minecraft:deaths":2,"minecraft:sneak_time":1565,"minecraft:walk_under_water_one_cm":123764,"minecraft:jump":2578,"minecraft:interact_with_blast_furnace":16,"minecraft:walk_on_water_one_cm":18616,"minecraft:total_world_time":130790,"minecraft:interact_with_furnace":5,"minecraft:time_since_rest":3270,"minecraft:damage_taken":2608,"minecraft:damage_dealt":19740,"minecraft:swim_one_cm":73522,"minecraft:fly_one_cm":1120609,"minecraft:open_chest":48,"minecraft:crouch_one_cm":277,"tombstone:undead_killed":47,"minecraft:fall_one_cm":51690},"minecraft:killed_by":{"iceandfire:cyclops":1},"minecraft:picked_up":{"iceandfire:dragon_skull_lightning":4,"minecraft:crafting_table":12,"minecraft:iron_chestplate":1,"iceandfire:witherbone":1,"minecraft:anvil":1,"artifacts:umbrella":1,"minecraft:stone_brick_stairs":1,"iceandfire:sea_serpent_scales_blue":51,"minecraft:string":5,"minecraft:raw_copper":4,"minecraft:wooden_sword":1,"minecraft:iron_leggings":1,"minecraft:cobbled_deepslate":122,"artifacts:aqua_dashers":1,"minecraft:beef":4,"alexsmobs:elastic_tendon":2,"minecraft:furnace":1,"minecraft:iron_boots":1,"minecraft:raw_iron":32,"minecraft:stick":6,"iceandfire:dragonbone":93,"minecraft:torch":4,"minecraft:acacia_log":28,"iceandfire:silver_ore":2,"tombstone:grave_dust":7,"minecraft:golden_chestplate":1,"iceandfire:dragon_skull_ice":2,"iceandfire:sea_serpent_scales_purple":13,"minecraft:arrow":12,"minecraft:rotten_flesh":22,"arclight:cryorium_gem":28,"tombstone:essence_of_undeath":1,"minecraft:mutton":2,"minecraft:iron_bars":2,"minecraft:cod":1,"minecraft:cobblestone":87,"iceandfire:sea_serpent_fang":29,"minecraft:glow_ink_sac":15,"minecraft:leather":8,"alexsmobs:acacia_blossom":1,"minecraft:smoker":1,"minecraft:tuff":23,"arclight:arclight_gem":4,"minecraft:yellow_bed":1,"minecraft:gunpowder":5,"minecraft:cobblestone_stairs":1,"minecraft:lapis_lazuli":9,"minecraft:dirt":8,"arclight:bloodstone_gem":10,"minecraft:bone":7,"minecraft:acacia_planks":10,"iceandfire:armor_silver_metal_helmet":1,"minecraft:raw_gold":21,"artifacts:whoopee_cushion":1,"minecraft:iron_ingot":1,"iceandfire:sea_serpent_scales_deepblue":5,"minecraft:acacia_sapling":14,"minecraft:blast_furnace":4,"minecraft:spider_eye":2,"minecraft:mossy_cobblestone":2,"minecraft:stripped_acacia_log":1,"minecraft:diamond":10,"minecraft:chainmail_leggings":1,"minecraft:granite":7,"knight_quest:kq_great_essence":11,"minecraft:chainmail_helmet":1,"iceandfire:gorgon_head":1,"tombstone:magic_scroll":2,"minecraft:coal":139},"minecraft:killed":{"iceandfire:gorgon":1,"minecraft:spider":6,"alexsmobs:murmur":1,"minecraft:skeleton":14,"minecraft:drowned":1,"artifacts:mimic":3,"iceandfire:cyclops":1,"minecraft:zombie":27,"minecraft:wither_skeleton":3,"iceandfire:sea_serpent":3,"minecraft:cow":2}},"DataVersion":3120}