{"stats":{"minecraft:broken":{"minecraft:stone_axe":1},"minecraft:crafted":{"minecraft:wooden_sword":1,"iceandfire:dragonbone_sword":2,"minecraft:oak_planks":72,"minecraft:crafting_table":1,"minecraft:wooden_pickaxe":1,"minecraft:cooked_chicken":2,"minecraft:furnace":1,"minecraft:stone_axe":2,"minecraft:cooked_mutton":5,"minecraft:shield":2,"minecraft:stick":16,"minecraft:iron_ingot":8,"minecraft:iron_pickaxe":1,"minecraft:stone_pickaxe":1,"minecraft:wooden_axe":1,"minecraft:torch":44,"minecraft:stone_hoe":1,"minecraft:wheat":108},"minecraft:used":{"minecraft:cooked_mutton":5,"minecraft:red_sand":1,"minecraft:stone_pickaxe":38,"minecraft:wooden_pickaxe":31,"minecraft:shield":2,"minecraft:cooked_chicken":2,"minecraft:stone_hoe":23,"minecraft:orange_bed":1,"minecraft:torch":12,"minecraft:sand":2,"minecraft:dirt":27,"minecraft:crafting_table":4,"minecraft:cod":8,"minecraft:wooden_axe":7,"iceandfire:dragonbone_sword":17,"minecraft:bread":13,"minecraft:melon_slice":10,"minecraft:iron_pickaxe":2,"minecraft:stone_axe":129,"minecraft:wooden_sword":31,"minecraft:oak_sapling":11,"minecraft:porkchop":2,"minecraft:furnace":2,"minecraft:cooked_porkchop":4,"tombstone:gift":2,"alexsmobs:animal_dictionary":1},"minecraft:dropped":{"iceandfire:dragonbone_sword":1,"minecraft:bread":3,"minecraft:wheat_seeds":1,"minecraft:cobbled_deepslate":1,"minecraft:rotten_flesh":24,"minecraft:granite":1,"minecraft:acacia_log":15,"minecraft:red_terracotta":1,"minecraft:hay_block":12,"minecraft:shield":2,"minecraft:wooden_axe":1,"minecraft:acacia_sapling":8,"minecraft:oak_sapling":9,"minecraft:wooden_sword":1,"minecraft:stone_pickaxe":1,"minecraft:orange_bed":1,"minecraft:egg":1},"minecraft:mined":{"iceandfire:silver_ore":4,"minecraft:deepslate_diamond_ore":2,"minecraft:brewing_stand":1,"minecraft:crafting_table":4,"minecraft:granite":2,"minecraft:red_sand":1,"minecraft:acacia_log":33,"minecraft:grass_block":14,"minecraft:melon":15,"minecraft:dead_bush":1,"minecraft:hay_block":25,"minecraft:furnace":1,"minecraft:iron_ore":8,"minecraft:grass":22,"minecraft:coal_ore":17,"minecraft:oak_log":26,"minecraft:sand":2,"minecraft:dirt":18,"minecraft:stone":19,"minecraft:fern":1,"minecraft:oak_leaves":8,"minecraft:orange_bed":2},"minecraft:custom":{"minecraft:interact_with_furnace":15,"minecraft:mob_kills":32,"minecraft:interact_with_crafting_table":11,"minecraft:leave_game":6,"minecraft:time_since_death":1783,"minecraft:sleep_in_bed":1,"minecraft:climb_one_cm":4076,"minecraft:time_since_rest":1,"minecraft:sprint_one_cm":270548,"minecraft:damage_taken":2710,"minecraft:walk_one_cm":153038,"minecraft:damage_blocked_by_shield":160,"minecraft:drop":23,"minecraft:damage_dealt":4827,"minecraft:swim_one_cm":65174,"minecraft:fly_one_cm":403489,"minecraft:open_chest":8,"minecraft:crouch_one_cm":64,"minecraft:play_time":76731,"tombstone:undead_killed":8,"minecraft:deaths":5,"minecraft:sneak_time":191,"minecraft:walk_under_water_one_cm":12527,"minecraft:jump":2329,"minecraft:walk_on_water_one_cm":31974,"minecraft:fall_one_cm":80435,"minecraft:total_world_time":76731},"minecraft:killed_by":{"minecraft:skeleton":2,"minecraft:creeper":2,"minecraft:zombie":1},"minecraft:picked_up":{"iceandfire:dragon_skull_lightning":1,"minecraft:crafting_table":4,"minecraft:feather":5,"iceandfire:witherbone":2,"minecraft:chicken":4,"minecraft:leather":3,"minecraft:tuff":2,"minecraft:oak_log":34,"minecraft:brewing_stand":1,"minecraft:shield":1,"minecraft:dirt":34,"minecraft:wooden_sword":1,"minecraft:bone":1,"minecraft:apple":1,"minecraft:bow":1,"minecraft:wheat_seeds":2,"minecraft:red_sand":1,"minecraft:cobbled_deepslate":1,"alexsmobs:cockroach_wing_fragment":1,"minecraft:iron_ingot":3,"minecraft:beef":5,"minecraft:stone_pickaxe":1,"minecraft:melon_slice":70,"minecraft:acacia_sapling":8,"minecraft:furnace":1,"minecraft:egg":1,"minecraft:stick":11,"minecraft:raw_iron":8,"iceandfire:dragonbone":7,"minecraft:cooked_porkchop":4,"minecraft:acacia_log":48,"iceandfire:silver_ore":4,"minecraft:porkchop":21,"minecraft:sand":2,"tombstone:grave_dust":1,"minecraft:red_terracotta":2,"minecraft:orange_bed":2,"minecraft:arrow":3,"minecraft:rotten_flesh":25,"minecraft:diamond":1,"minecraft:hay_block":24,"minecraft:granite":1,"minecraft:oak_sapling":20,"minecraft:mutton":7,"minecraft:cod":8,"minecraft:coal":12,"minecraft:white_wool":4,"minecraft:cobblestone":19},"minecraft:killed":{"minecraft:pig":7,"minecraft:iron_golem":1,"iceandfire:cockatrice":1,"minecraft:skeleton":2,"minecraft:sheep":4,"minecraft:zombie":5,"alexsmobs:cockroach":1,"minecraft:chicken":6,"minecraft:drowned":1,"minecraft:cow":2}},"DataVersion":3120}