{"stats":{"minecraft:killed":{"minecraft:cave_spider":3,"minecraft:spider":2,"alexsmobs:seagull":1,"minecraft:skeleton":5,"minecraft:chicken":1,"iceandfire:myrmex_worker":1,"minecraft:creeper":1,"alexsmobs:emu":2,"minecraft:sheep":5,"minecraft:zombie":12,"minecraft:cow":1},"minecraft:picked_up":{"minecraft:cocoa_beans":3,"minecraft:coarse_dirt":2,"minecraft:crafting_table":1,"minecraft:chicken":1,"minecraft:stone_slab":2,"minecraft:enchanted_book":1,"minecraft:shield":1,"minecraft:string":31,"alexsmobs:emu_feather":2,"minecraft:red_sand":2,"minecraft:cobbled_deepslate":102,"alexsmobs:banana":1,"minecraft:beef":2,"minecraft:jungle_sapling":3,"minecraft:light_gray_wool":1,"minecraft:melon_slice":80,"minecraft:sugar_cane":6,"minecraft:iron_boots":1,"minecraft:egg":3,"minecraft:furnace":2,"minecraft:stick":62,"minecraft:raw_iron":40,"minecraft:brown_terracotta":11,"minecraft:oak_fence":1,"minecraft:torch":2,"minecraft:acacia_log":32,"iceandfire:silver_ore":3,"iceandfire:myrmex_resin_sticky_jungle":1,"tombstone:grave_dust":5,"minecraft:rotten_flesh":18,"arclight:cryorium_gem":4,"alexsmobs:emu_egg":3,"minecraft:yellow_terracotta":12,"iceandfire:deepslate_silver_ore":6,"minecraft:white_terracotta":7,"minecraft:mutton":10,"minecraft:white_wool":3,"minecraft:cobblestone":142,"minecraft:feather":5,"minecraft:jungle_log":16,"minecraft:andesite":3,"minecraft:leather":2,"alexsmobs:acacia_blossom":2,"minecraft:flint":1,"minecraft:oak_log":12,"arclight:arclight_gem":10,"minecraft:gunpowder":1,"iceandfire:myrmex_resin_jungle":2,"minecraft:lapis_lazuli":55,"minecraft:dirt":12,"tombstone:gift":1,"minecraft:orange_terracotta":11,"arclight:bloodstone_gem":2,"minecraft:cooked_mutton":4,"minecraft:bone":4,"minecraft:apple":3,"minecraft:wheat_seeds":4,"minecraft:bamboo":11,"minecraft:gray_bed":1,"minecraft:oak_planks":4,"minecraft:acacia_sapling":19,"minecraft:black_terracotta":1,"minecraft:cooked_porkchop":4,"minecraft:gravel":1,"minecraft:trapped_chest":1,"minecraft:red_terracotta":12,"minecraft:oak_wood":2,"minecraft:light_gray_terracotta":3,"minecraft:diamond":13,"minecraft:granite":6,"knight_quest:kq_great_essence":2,"minecraft:gray_wool":1,"minecraft:terracotta":33,"tombstone:magic_scroll":2,"minecraft:oak_sapling":14,"minecraft:andesite_slab":1,"minecraft:coal":81,"minecraft:diamond_pickaxe":1},"minecraft:mined":{"minecraft:yellow_terracotta":14,"minecraft:tuff":25,"minecraft:oak_sapling":1,"iceandfire:silver_ore":3,"arclight:deepslate_arclight_ore":6,"minecraft:deepslate_diamond_ore":13,"arclight:deepslate_cryorium_ore":4,"minecraft:black_terracotta":1,"minecraft:granite":25,"minecraft:red_sand":2,"minecraft:acacia_log":29,"minecraft:grass_block":3,"minecraft:jungle_log":10,"arclight:arclight_ore":4,"iceandfire:deepslate_silver_ore":6,"minecraft:spawner":2,"minecraft:tall_seagrass":1,"minecraft:furnace":1,"minecraft:andesite":4,"minecraft:deepslate_lapis_ore":10,"minecraft:deepslate_iron_ore":41,"minecraft:vine":1,"iceandfire:myrmex_resin_sticky_jungle":1,"minecraft:bamboo":1,"minecraft:stone":161,"minecraft:white_wool":1,"iceandfire:myrmex_resin_jungle":2,"minecraft:orange_terracotta":11,"minecraft:crafting_table":1,"minecraft:torch":1,"minecraft:light_gray_terracotta":4,"minecraft:melon":16,"minecraft:dead_bush":57,"minecraft:stone_slab":2,"minecraft:tall_grass":5,"minecraft:cobblestone":5,"minecraft:sugar_cane":5,"minecraft:oak_planks":2,"minecraft:wall_torch":1,"minecraft:seagrass":1,"minecraft:white_terracotta":7,"minecraft:red_terracotta":13,"minecraft:coarse_dirt":2,"minecraft:gray_bed":1,"minecraft:grass":15,"minecraft:coal_ore":66,"minecraft:oak_log":4,"minecraft:gravel":11,"minecraft:dirt":16,"minecraft:cobweb":29,"minecraft:brown_terracotta":14,"minecraft:smooth_basalt":8,"minecraft:terracotta":41,"arclight:deepslate_bloodstone_ore":2,"minecraft:deepslate":96,"minecraft:oak_leaves":11,"minecraft:fern":1},"minecraft:killed_by":{"minecraft:husk":1,"minecraft:player":1,"minecraft:creeper":1},"minecraft:broken":{"minecraft:wooden_pickaxe":1,"minecraft:stone_pickaxe":1,"minecraft:wooden_axe":1},"minecraft:crafted":{"minecraft:wooden_sword":1,"minecraft:oak_planks":16,"minecraft:cooked_chicken":1,"minecraft:furnace":1,"minecraft:cooked_mutton":5,"minecraft:stone_pickaxe":3,"minecraft:chest":2,"minecraft:crafting_table":3,"minecraft:wooden_pickaxe":3,"minecraft:iron_sword":1,"minecraft:stone_axe":2,"minecraft:air":0,"minecraft:jungle_planks":24,"minecraft:iron_chestplate":2,"minecraft:diamond_pickaxe":1,"minecraft:stick":28,"minecraft:iron_ingot":35,"minecraft:iron_pickaxe":1,"minecraft:wooden_axe":2,"minecraft:iron_leggings":2,"minecraft:white_bed":1,"minecraft:acacia_planks":128,"minecraft:torch":164},"minecraft:used":{"alexsmobs:emu_egg":1,"minecraft:red_sand":1,"minecraft:chest":2,"minecraft:shield":13,"minecraft:iron_sword":77,"minecraft:rotten_flesh":11,"minecraft:torch":93,"minecraft:dirt":12,"minecraft:mutton":2,"minecraft:granite":2,"minecraft:wooden_axe":101,"minecraft:brown_terracotta":11,"minecraft:oak_sapling":1,"minecraft:furnace":1,"alexsmobs:banana":1,"tombstone:gift":3,"minecraft:egg":3,"minecraft:cobbled_deepslate":90,"minecraft:cooked_mutton":8,"minecraft:stone_pickaxe":227,"minecraft:oak_planks":7,"minecraft:wooden_pickaxe":117,"minecraft:golden_apple":3,"minecraft:terracotta":33,"minecraft:yellow_terracotta":12,"minecraft:crafting_table":4,"minecraft:white_bed":1,"minecraft:diamond_pickaxe":242,"minecraft:apple":1,"minecraft:bread":7,"minecraft:melon_slice":52,"minecraft:iron_pickaxe":37,"minecraft:red_terracotta":12,"minecraft:gravel":1,"minecraft:stone_axe":68,"minecraft:cobblestone":57,"minecraft:cooked_porkchop":4,"minecraft:andesite":3,"minecraft:pumpkin_pie":3,"minecraft:coarse_dirt":2,"minecraft:gray_wool":1},"minecraft:custom":{"minecraft:mob_kills":37,"minecraft:interact_with_crafting_table":24,"minecraft:open_barrel":1,"minecraft:leave_game":2,"minecraft:time_since_death":92745,"minecraft:climb_one_cm":13691,"minecraft:sprint_one_cm":428565,"minecraft:walk_one_cm":483490,"minecraft:damage_blocked_by_shield":485,"minecraft:drop":34,"minecraft:play_time":192561,"minecraft:deaths":4,"minecraft:sneak_time":6250,"minecraft:walk_under_water_one_cm":26304,"minecraft:jump":3570,"minecraft:walk_on_water_one_cm":43151,"minecraft:total_world_time":192561,"minecraft:interact_with_furnace":33,"minecraft:sleep_in_bed":1,"minecraft:time_since_rest":47650,"minecraft:damage_absorbed":118,"minecraft:damage_taken":3647,"minecraft:trigger_trapped_chest":1,"minecraft:damage_dealt":6490,"minecraft:swim_one_cm":117381,"minecraft:fly_one_cm":496884,"minecraft:open_chest":3,"minecraft:crouch_one_cm":16532,"tombstone:undead_killed":17,"minecraft:fall_one_cm":109330},"minecraft:dropped":{"minecraft:wheat_seeds":2,"minecraft:cobblestone":16,"minecraft:flint":1,"tombstone:magic_scroll":1,"tombstone:grave_key":2,"minecraft:melon_slice":17,"tombstone:grave_dust":5,"minecraft:trapped_chest":1,"minecraft:light_gray_terracotta":3,"minecraft:rotten_flesh":7,"minecraft:light_gray_wool":1,"minecraft:cooked_mutton":1,"minecraft:gunpowder":1,"minecraft:diamond_pickaxe":1,"minecraft:red_sand":1,"minecraft:stone_pickaxe":1}},"DataVersion":3120}