{"stats":{"minecraft:crafted":{"minecraft:cooked_porkchop":21,"minecraft:crafting_table":2,"minecraft:wooden_pickaxe":1,"minecraft:bread":18,"minecraft:air":0,"minecraft:stick":24,"minecraft:stone_pickaxe":1,"minecraft:wooden_axe":2,"minecraft:white_bed":1,"minecraft:acacia_planks":116,"minecraft:torch":40,"minecraft:wheat":54},"minecraft:used":{"minecraft:beetroot":1,"minecraft:stone_pickaxe":21,"minecraft:shield":6,"minecraft:wooden_pickaxe":17,"minecraft:cooked_chicken":1,"minecraft:torch":30,"minecraft:dirt":1,"minecraft:crafting_table":3,"minecraft:white_bed":1,"minecraft:acacia_sapling":1,"minecraft:wooden_axe":46,"minecraft:diamond_pickaxe":43,"iceandfire:dragonbone_sword":58,"minecraft:apple":4,"minecraft:bread":21,"minecraft:cooked_porkchop":2,"tombstone:gift":2,"alexsmobs:animal_dictionary":3,"minecraft:egg":1,"minecraft:acacia_planks":56},"minecraft:dropped":{"minecraft:wheat_seeds":2,"alexsmobs:acacia_blossom":1,"minecraft:golden_pickaxe":1,"minecraft:diamond":1,"minecraft:feather":3,"minecraft:cod":8},"minecraft:custom":{"minecraft:interact_with_furnace":2,"minecraft:mob_kills":28,"minecraft:interact_with_cartography_table":1,"minecraft:interact_with_crafting_table":10,"minecraft:open_barrel":17,"minecraft:leave_game":1,"minecraft:time_since_death":3164,"minecraft:sleep_in_bed":2,"minecraft:climb_one_cm":323,"minecraft:time_since_rest":2274,"minecraft:sprint_one_cm":172106,"minecraft:damage_taken":2090,"minecraft:walk_one_cm":116485,"minecraft:damage_blocked_by_shield":205,"minecraft:drop":13,"minecraft:damage_dealt":4072,"minecraft:swim_one_cm":8525,"minecraft:fly_one_cm":201208,"minecraft:open_chest":11,"minecraft:crouch_one_cm":1225,"minecraft:play_time":51170,"tombstone:undead_killed":14,"minecraft:deaths":3,"minecraft:sneak_time":236,"minecraft:walk_under_water_one_cm":9082,"minecraft:jump":1285,"minecraft:interact_with_blast_furnace":2,"minecraft:walk_on_water_one_cm":5079,"minecraft:total_world_time":51170,"minecraft:fall_one_cm":43958},"minecraft:mined":{"minecraft:deepslate_redstone_ore":1,"minecraft:tuff":2,"minecraft:acacia_leaves":13,"iceandfire:silver_ore":2,"minecraft:deepslate_diamond_ore":1,"arclight:deepslate_cryorium_ore":7,"minecraft:crafting_table":2,"minecraft:torch":2,"minecraft:granite":4,"minecraft:acacia_log":30,"minecraft:dead_bush":1,"minecraft:tall_grass":6,"minecraft:deepslate_gold_ore":15,"minecraft:grass":10,"minecraft:oak_log":5,"minecraft:coal_ore":17,"minecraft:dirt":3,"minecraft:stone":11,"arclight:deepslate_bloodstone_ore":7,"minecraft:deepslate":9,"minecraft:fern":1},"minecraft:killed_by":{"minecraft:skeleton":1},"minecraft:picked_up":{"minecraft:crafting_table":2,"minecraft:feather":2,"minecraft:chicken":1,"alexsmobs:acacia_blossom":1,"minecraft:tuff":4,"minecraft:oak_log":5,"minecraft:shield":1,"minecraft:dirt":1,"arclight:bloodstone_gem":7,"minecraft:bone":2,"minecraft:acacia_planks":1,"minecraft:bow":1,"minecraft:wheat_seeds":4,"minecraft:cobbled_deepslate":12,"minecraft:raw_gold":15,"minecraft:iron_ingot":1,"minecraft:cooked_chicken":1,"minecraft:acacia_sapling":10,"minecraft:egg":1,"minecraft:stick":4,"iceandfire:dragonbone_sword":1,"minecraft:torch":3,"minecraft:acacia_log":29,"iceandfire:silver_ore":3,"minecraft:porkchop":14,"minecraft:redstone":4,"minecraft:arrow":6,"minecraft:rotten_flesh":16,"minecraft:slime_ball":2,"arclight:cryorium_gem":7,"minecraft:diamond":3,"minecraft:hay_block":12,"minecraft:granite":9,"minecraft:bread":3,"minecraft:mutton":9,"minecraft:coal":17,"minecraft:white_wool":6,"minecraft:cobblestone":11},"minecraft:killed":{"minecraft:pig":7,"minecraft:slime":1,"minecraft:sheep":6,"minecraft:skeleton":4,"minecraft:zombie":10,"minecraft:chicken":1}},"DataVersion":3120}