{"stats":{"minecraft:custom":{"minecraft:jump":197,"minecraft:time_since_rest":1,"minecraft:leave_game":1,"minecraft:deaths":1,"minecraft:damage_dealt":177,"minecraft:crouch_one_cm":705,"minecraft:sprint_one_cm":25393,"minecraft:walk_on_water_one_cm":6026,"minecraft:play_time":10311,"minecraft:damage_taken":230,"minecraft:time_since_death":1522,"minecraft:walk_one_cm":11181,"minecraft:sneak_time":230,"minecraft:total_world_time":10311,"minecraft:walk_under_water_one_cm":11734,"minecraft:swim_one_cm":24580,"minecraft:fall_one_cm":5993,"minecraft:fly_one_cm":36295}},"DataVersion":3120}