{"stats":{"minecraft:killed":{"minecraft:spider":3,"alexsmobs:murmur":1,"minecraft:skeleton":23,"alexsmobs:leafcutter_ant":1,"artifacts:mimic":5,"minecraft:piglin":1,"alexsmobs:guster":1,"minecraft:pig":8,"minecraft:creeper":2,"minecraft:squid":1,"alexsmobs:crimson_mosquito":2,"minecraft:sheep":8,"minecraft:zombie":36,"alexsmobs:terrapin":2,"minecraft:cow":1},"minecraft:mined":{"minecraft:nether_gold_ore":6,"minecraft:tuff":27,"minecraft:white_bed":1,"minecraft:deepslate_diamond_ore":28,"minecraft:granite":9,"minecraft:red_sand":8,"minecraft:acacia_log":71,"minecraft:grass_block":2,"minecraft:crimson_roots":1,"minecraft:jungle_log":73,"alexsmobs:leafcutter_ant_chamber":1,"minecraft:sandstone":10,"minecraft:cobbled_deepslate":1,"minecraft:fire":1,"minecraft:andesite":3,"minecraft:vine":1,"minecraft:deepslate_iron_ore":13,"minecraft:stone":54,"minecraft:white_wool":2,"minecraft:soul_sand":5,"minecraft:blackstone":101,"minecraft:crafting_table":9,"minecraft:torch":1,"minecraft:blast_furnace":1,"minecraft:oak_wood":14,"minecraft:melon":10,"minecraft:andesite_slab":1,"minecraft:nether_quartz_ore":10,"minecraft:cobblestone":11,"minecraft:oak_planks":10,"minecraft:red_terracotta":5,"minecraft:tnt":1,"minecraft:grass":65,"minecraft:coal_ore":19,"minecraft:oak_log":58,"minecraft:gravel":37,"minecraft:sand":11,"minecraft:dirt":9,"minecraft:brown_terracotta":5,"minecraft:acacia_planks":11,"minecraft:ancient_debris":2,"minecraft:netherrack":1476,"minecraft:oak_leaves":4,"minecraft:deepslate":124,"minecraft:fern":3},"minecraft:picked_up":{"minecraft:wooden_axe":1,"minecraft:crafting_table":10,"artifacts:night_vision_goggles":2,"tombstone:grave_key":1,"minecraft:string":3,"minecraft:blackstone":64,"artifacts:fire_gauntlet":1,"minecraft:gold_nugget":18,"alexsmobs:blood_sac":1,"minecraft:red_sand":8,"alexsmobs:banana":1,"minecraft:cobbled_deepslate":110,"minecraft:beef":3,"alexsmobs:elastic_tendon":2,"minecraft:jungle_sapling":3,"minecraft:melon_slice":66,"alexsmobs:leafcutter_ant_chamber":1,"minecraft:sandstone":10,"minecraft:raw_iron":33,"minecraft:stick":35,"minecraft:brown_terracotta":6,"minecraft:torch":1,"minecraft:acacia_log":65,"minecraft:porkchop":14,"tombstone:grave_dust":8,"minecraft:carrot":2,"minecraft:arrow":18,"minecraft:rotten_flesh":29,"alexsmobs:emu_egg":8,"minecraft:mutton":11,"minecraft:white_wool":9,"minecraft:cobblestone":80,"minecraft:glow_ink_sac":2,"minecraft:jungle_log":67,"minecraft:andesite":4,"alexsmobs:acacia_blossom":2,"minecraft:flint":8,"minecraft:tuff":29,"minecraft:oak_log":47,"minecraft:ancient_debris":2,"minecraft:gunpowder":3,"minecraft:dirt":15,"artifacts:flippers":1,"minecraft:cooked_mutton":1,"minecraft:bone":12,"minecraft:acacia_planks":26,"minecraft:apple":1,"minecraft:bow":2,"minecraft:wheat_seeds":7,"minecraft:iron_ingot":1,"minecraft:acacia_sapling":16,"minecraft:oak_planks":9,"artifacts:obsidian_skull":1,"minecraft:cooked_porkchop":1,"minecraft:quartz":7,"minecraft:gravel":14,"minecraft:sand":11,"minecraft:blast_furnace":1,"minecraft:ink_sac":2,"minecraft:white_bed":1,"minecraft:red_terracotta":6,"minecraft:oak_wood":12,"minecraft:diamond":43,"artifacts:crystal_heart":1,"minecraft:granite":8,"minecraft:gray_wool":1,"minecraft:netherrack":455,"tombstone:magic_scroll":3,"minecraft:oak_sapling":19,"minecraft:black_wool":2,"minecraft:coal":20,"minecraft:crimson_roots":1,"minecraft:diamond_pickaxe":5},"minecraft:killed_by":{"minecraft:creeper":1,"minecraft:spider":1,"alexsmobs:emu":1,"minecraft:drowned":1,"minecraft:skeleton":4,"artifacts:mimic":1,"minecraft:witch":1,"minecraft:zombie":1},"minecraft:broken":{"minecraft:shield":1,"minecraft:diamond_pickaxe":1,"minecraft:iron_axe":1,"minecraft:stone_axe":1,"minecraft:iron_pickaxe":1,"minecraft:wooden_axe":3},"minecraft:crafted":{"minecraft:oak_planks":92,"minecraft:furnace":1,"minecraft:cooked_mutton":4,"minecraft:flint_and_steel":1,"minecraft:iron_axe":1,"minecraft:stone_pickaxe":4,"minecraft:diamond_boots":1,"minecraft:cooked_beef":2,"minecraft:cooked_porkchop":6,"minecraft:diamond_axe":1,"minecraft:crafting_table":3,"minecraft:wooden_pickaxe":3,"minecraft:stone_axe":2,"minecraft:bread":3,"minecraft:jungle_planks":12,"minecraft:diamond_pickaxe":1,"minecraft:shield":3,"minecraft:stick":48,"minecraft:iron_pickaxe":1,"minecraft:iron_ingot":17,"minecraft:wooden_axe":5,"minecraft:iron_leggings":1,"minecraft:acacia_planks":156,"minecraft:torch":44,"minecraft:diamond_chestplate":1},"minecraft:used":{"minecraft:red_sand":6,"minecraft:acacia_log":4,"minecraft:flint_and_steel":1,"minecraft:shield":106,"minecraft:rotten_flesh":5,"minecraft:netherrack":12,"minecraft:iron_chestplate":1,"minecraft:torch":69,"minecraft:dirt":7,"minecraft:mutton":10,"minecraft:carrot":10,"minecraft:tuff":29,"minecraft:granite":5,"minecraft:wooden_axe":265,"minecraft:brown_terracotta":6,"minecraft:lava_bucket":10,"minecraft:iron_axe":129,"minecraft:furnace":1,"tombstone:gift":3,"minecraft:cooked_beef":2,"minecraft:acacia_planks":52,"minecraft:cobbled_deepslate":8,"minecraft:iron_leggings":1,"minecraft:cooked_mutton":1,"minecraft:water_bucket":8,"minecraft:stone_pickaxe":79,"minecraft:oak_planks":20,"minecraft:wooden_pickaxe":80,"minecraft:diamond_axe":72,"minecraft:white_wool":7,"minecraft:salmon":16,"minecraft:golden_apple":3,"minecraft:crafting_table":11,"minecraft:diamond_pickaxe":1562,"minecraft:apple":1,"minecraft:melon_slice":43,"minecraft:bread":3,"minecraft:iron_pickaxe":250,"minecraft:red_terracotta":6,"minecraft:gravel":7,"minecraft:stone_axe":146,"minecraft:cobblestone":30,"travelersbackpack:standard":1,"minecraft:cooked_porkchop":2,"minecraft:porkchop":8,"minecraft:bucket":24,"minecraft:gray_wool":1,"alexsmobs:emu_egg":8},"minecraft:custom":{"minecraft:interact_with_smithing_table":1,"minecraft:mob_kills":99,"minecraft:interact_with_crafting_table":27,"minecraft:open_barrel":38,"minecraft:eat_cake_slice":13,"minecraft:leave_game":6,"minecraft:time_since_death":35250,"minecraft:climb_one_cm":7906,"minecraft:sprint_one_cm":905520,"minecraft:walk_one_cm":764053,"minecraft:damage_blocked_by_shield":3015,"minecraft:drop":89,"minecraft:play_time":269490,"minecraft:deaths":18,"minecraft:sneak_time":2164,"minecraft:walk_under_water_one_cm":32772,"minecraft:jump":5458,"minecraft:interact_with_blast_furnace":2,"minecraft:walk_on_water_one_cm":64852,"minecraft:total_world_time":269490,"minecraft:interact_with_furnace":23,"minecraft:interact_with_cartography_table":1,"minecraft:sleep_in_bed":4,"minecraft:time_since_rest":34498,"minecraft:damage_taken":7691,"minecraft:damage_absorbed":160,"minecraft:trigger_trapped_chest":3,"minecraft:damage_dealt":19874,"minecraft:swim_one_cm":102860,"minecraft:fly_one_cm":1152622,"minecraft:player_kills":1,"minecraft:open_chest":25,"minecraft:crouch_one_cm":5282,"tombstone:undead_killed":60,"minecraft:interact_with_smoker":1,"minecraft:fall_one_cm":244317},"minecraft:dropped":{"minecraft:iron_ingot":1,"minecraft:cooked_porkchop":5,"minecraft:granite":3,"minecraft:coal":1,"artifacts:night_vision_goggles":1,"tombstone:magic_scroll":1,"tombstone:grave_key":3,"minecraft:wooden_axe":2,"minecraft:melon_slice":5,"minecraft:white_wool":2,"alexsmobs:acacia_blossom":1,"minecraft:cobbled_deepslate":20,"minecraft:rotten_flesh":2,"minecraft:oak_planks":1,"minecraft:cooked_mutton":4,"minecraft:carrot":1,"minecraft:shield":1,"minecraft:gunpowder":3,"minecraft:diamond_pickaxe":5,"minecraft:iron_chestplate":1,"minecraft:acacia_sapling":16,"alexsmobs:banana":1,"minecraft:netherrack":50,"minecraft:black_wool":2}},"DataVersion":3120}